{
   "gps" : {
      "quaternion" : [ 0, 0, -0.010818672015746473, 0.99994147645540532 ],
      "translation" : [ 5.2372448599999997, -0.026214491999999999, -1.924742161 ]
   },
   "infrared" : {
      "quaternion" : [
         0.50627112697925625,
         0.49783276983638214,
         0.49757009943653197,
         0.49827309320382601
      ],
      "translation" : [ 5.0327972904958269, -0.32970348745214439, -1.7697681477237637 ]
   },
   "lidar_front" : {
      "quaternion" : [
         0.99826517514320456,
         -0.051288851007357569,
         0.028412105004075816,
         -0.005370861000770469
      ],
      "translation" : [ 5.2480345660000003, -0.064328983000000006, -0.38866764500000001 ]
   },
   "lidar_port" : {
      "quaternion" : [
         -0.66169826417972444,
         0.69409547032052088,
         -0.20754576393589,
         -0.19316221456160154
      ],
      "translation" : [ 4.2423113357136417, -1.5283019611754398, -1.2954968660065869 ]
   },
   "lidar_starboard" : {
      "quaternion" : [
         0.64865319713836433,
         0.71228819313949354,
         0.20919814692753838,
         -0.16772207689608978
      ],
      "translation" : [ 4.3514446627172454, 1.4895510079987417, -1.2745929400609466 ]
   },
   "omni0_high" : {
      "quaternion" : [
         0.69313135258786251,
         -0.0090713897417725765,
         0.72074903628672471,
         -0.0027321492695053158
      ],
      "translation" : [ -1.3046997182797195, 0.12067365344282197, -2.7503375706286937 ]
   },
   "omni0_low" : {
      "quaternion" : [
         0.69313135258786251,
         -0.0090713897417725765,
         0.72074903628672471,
         -0.0027321492695053158
      ],
      "translation" : [ -1.3320857671833739, 0.10911405134138275, -2.0509690135601959 ]
   },
   "omni1_high" : {
      "quaternion" : [
         0.56388365086291325,
         0.42420018686891886,
         0.57802447351376784,
         -0.40985014062339697
      ],
      "translation" : [ -1.3411363590935361, 0.17235377132799479, -2.7508721713477216 ]
   },
   "omni1_low" : {
      "quaternion" : [
         0.56388365086291325,
         0.42420018686891886,
         0.57802447351376784,
         -0.40985014062339697
      ],
      "translation" : [ -1.3685224079971905, 0.16079416922655557, -2.0515036142792238 ]
   },
   "omni2_high" : {
      "quaternion" : [
         -0.20779744360250854,
         -0.68099804109691087,
         -0.2271308936694903,
         0.66443468271556316
      ],
      "translation" : [ -1.3923517734097555, 0.14520371495661089, -2.7530846447626423 ]
   },
   "omni2_low" : {
      "quaternion" : [
         -0.20779744360250854,
         -0.68099804109691087,
         -0.2271308936694903,
         0.66443468271556316
      ],
      "translation" : [ -1.4197378223134098, 0.13364411285517167, -2.0537160876941445 ]
   },
   "omni3_high" : {
      "quaternion" : [
         0.21916582355848199,
         -0.69315421792379384,
         0.21022046232252228,
         0.6536902394707228
      ],
      "translation" : [ -1.3990986587023393, 0.088724978689570522, -2.754974471424311 ]
   },
   "omni3_low" : {
      "quaternion" : [
         0.21916582355848199,
         -0.69315421792379384,
         0.21022046232252228,
         0.6536902394707228
      ],
      "translation" : [ -1.4264847076059937, 0.077165376588131301, -2.0556059143558132 ]
   },
   "omni4_high" : {
      "quaternion" : [
         0.56378980995788541,
         -0.43463300123740095,
         0.57372554688827271,
         0.40506073775518331
      ],
      "translation" : [ -1.3404005044258782, 0.071032864705911872, -2.7519182117631895 ]
   },
   "omni4_low" : {
      "quaternion" : [
         0.56378980995788541,
         -0.43463300123740095,
         0.57372554688827271,
         0.40506073775518331
      ],
      "translation" : [ -1.3677865533295326, 0.059473262604472651, -2.0525496546946917 ]
   },
   "omni5_high" : {
      "quaternion" : [
         0.0024609087130740472,
         0.99968042273937541,
         0.0087789409747089618,
         0.023578093970727583
      ],
      "translation" : [ -1.3537722158886132, 0.12253988417703708, -2.8192684604569989 ]
   },
   "omni5_low" : {
      "quaternion" : [
         0.0024609087130740472,
         0.99968042273937541,
         0.0087789409747089618,
         0.023578093970727583
      ],
      "translation" : [ -1.3811582647922676, 0.11098028207559786, -2.1198999033885011 ]
   },
   "radar_high" : {
      "quaternion" : [
         0.99968042273937541,
         -0.0024609087130740472,
         0.02357809397072758,
         -0.0087789409747089601
      ],
      "translation" : [ -1.2727583429023159, 0.1150319720751336, -2.4150650665578004 ]
   },
   "radar_low" : {
      "quaternion" : [
         0.99968042273937541,
         -0.0024609087130740472,
         0.02357809397072758,
         -0.0087789409747089601
      ],
      "translation" : [ -1.3001443918059703, 0.10347236997369438, -1.7156965094893029 ]
   },
   "stereo_left" : {
      "quaternion" : [
         0.50451874772890937,
         0.49271166335600353,
         0.50320304941532457,
         0.4994824732081517
      ],
      "translation" : [ 5.0362549728344614, -0.44101021275849878, -1.771000242852925 ]
   },
   "stereo_right" : {
      "quaternion" : [
         0.49957151499897112,
         0.49321077340205338,
         0.50323036541463029,
         0.50391530412008612
      ],
      "translation" : [ 5.0100574394498949, 0.40231815989499159, -1.7616651319571297 ]
   }
}
