{
   "infrared" : {
      "cc_x" : 332.81193594716012,
      "cc_y" : 242.5757058463158,
      "distortion_coefficients" : [
         -0.036447979930397563,
         0.28157786985296263,
         -0.0085913005552726383,
         0.0047645641587761248,
         0.3766987065426089
      ],
      "focal_length" : 786.63135261268667,
      "image_height" : 512,
      "image_width" : 640
   },
   "omni_0" : {
      "cc_x" : 1220.5108616189441,
      "cc_y" : 985.84866172083855,
      "distortion_coefficients" : [
         -0.29064207506141881,
         0.092658203831922317,
         0.00018367361721941401,
         -0.00034778226177293101,
         -0.01345992580041354
      ],
      "focal_length" : 1243.569967979043,
      "image_height" : 2048,
      "image_width" : 2464
   },
   "omni_1" : {
      "cc_x" : 1194.5293820058509,
      "cc_y" : 997.66212449629086,
      "distortion_coefficients" : [
         -0.28599414533700129,
         0.086274840349289644,
         0.00057348241282976391,
         0.00052291650345768538,
         -0.01139265419293939
      ],
      "focal_length" : 1251.537304551493,
      "image_height" : 2048,
      "image_width" : 2464
   },
   "omni_2" : {
      "cc_x" : 1198.437181999718,
      "cc_y" : 984.15561276596418,
      "distortion_coefficients" : [
         -0.28019462302610237,
         0.077711066981642388,
         0.00047928258328308653,
         0.0002055682763883053,
         -0.0089343346251314539
      ],
      "focal_length" : 1277.872904124886,
      "image_height" : 2048,
      "image_width" : 2464
   },
   "omni_3" : {
      "cc_x" : 1186.115883221222,
      "cc_y" : 1003.278354065197,
      "distortion_coefficients" : [
         -0.28606125994346032,
         0.086067813098914425,
         0.00051558403246463171,
         0.0006068617282615898,
         -0.011376006706514541
      ],
      "focal_length" : 1246.7171670219111,
      "image_height" : 2048,
      "image_width" : 2464
   },
   "omni_4" : {
      "cc_x" : 1188.1867866209359,
      "cc_y" : 1005.608340366546,
      "distortion_coefficients" : [
         -0.28863522406818859,
         0.087904140240039799,
         0.00028463172444487999,
         0.0006007557283113881,
         -0.01156770835722562
      ],
      "focal_length" : 1248.604326415365,
      "image_height" : 2048,
      "image_width" : 2464
   },
   "omni_5" : {
      "cc_x" : 1231.1207222385949,
      "cc_y" : 1020.410762099346,
      "distortion_coefficients" : [
         -0.2792223974151064,
         0.080623970506377818,
         -0.0002591895937279269,
         0.00020669775690242649,
         -0.010109362379099689
      ],
      "focal_length" : 1241.6030537773199,
      "image_height" : 2048,
      "image_width" : 2464
   },
   "stereo_left" : {
      "cc_x" : 1026.1977130691339,
      "cc_y" : 524.7984412358129,
      "distortion_coefficients" : [
         -0.082292808267338341,
         0.1036602731851739,
         -0.0034940032414059268,
         0.00084014002308057311,
         0.093700291321559645
      ],
      "focal_length" : 1814.5061420730431,
      "image_height" : 1080,
      "image_width" : 2048
   },
   "stereo_right" : {
      "cc_x" : 1041.300936202379,
      "cc_y" : 519.07223080294409,
      "distortion_coefficients" : [
         -0.080226526918819735,
         0.093063204690196202,
         -0.0029454095837901139,
         0.0011427467119549529,
         0.1167562399019816
      ],
      "focal_length" : 1812.26306845315,
      "image_height" : 1080,
      "image_width" : 2048
   }
}
